vehicle_id,lifetime
2930,1
1292,1
547,1
3579,1
784,4
393,6
3269,1
49,1
3030,2
1970,1
2416,6
1689,1
3129,1
4276,3
2067,2
3663,1
1221,1
449,3
2973,1
2231,2
3231,2
1309,1
2930,1
4051,2
2494,3
3956,2
547,6
2118,1
3579,1
2010,1
739,4
3923,1
747,2
981,1
256,1
2969,2
372,1
1272,3
290,2
261,6
3518,1
3196,2
4091,1
1182,2
1072,2
554,4
1791,2
13,1
533,1
2494,1
2077,1
123,2
3125,1
677,1
2569,1
2471,1
1721,1
4199,6
599,1
292,1
3946,1
4185,1
713,2
2851,1
3479,2
256,1
3062,2
472,3
1796,1
372,1
2675,2
3298,2
773,3
1419,1
3456,3
3254,1
2971,1
547,1
625,1
2138,2
220,3
90,2
3611,2
1571,1
2367,1
359,1
907,1
4076,1
3648,4
3206,1
1967,3
4172,3
251,1
350,1
1517,1
689,1
4258,4
1677,1
1652,3
2931,4
251,1
748,1
1843,1
3873,2
2227,1
1451,1
2456,1
3063,1
2027,2
53,1
144,2
248,1
2704,1
3052,4
1126,1
3422,2
1259,1
301,2
3746,3
3688,1
2143,1
4327,4
3055,2
2457,1
3852,1
2434,1
1568,4
567,1
1315,1
2167,1
2704,2
2243,1
1296,3
3293,1
4073,1
2379,1
559,1
238,4
2793,2
4093,4
2027,1
3094,6
871,4
1555,1
361,2
296,1
2790,1
3949,4
2418,2
2450,5
169,1
500,2
1416,1
174,3
3165,1
1128,2
102,1
2387,2
1688,1
14,1
680,5
353,1
4155,1
1233,2
296,5
2875,2
2321,2
518,1
3356,1
1231,2
848,2
163,3
1825,1
96,2
3379,1
3493,4
2607,1
1812,1
522,4
770,2
3383,1
1126,2
2394,1
1827,1
75,1
4072,5
2184,3
2326,3
1412,2
2688,1
506,1
1345,2
895,1
1576,1
1304,1
2324,1
458,1
1524,4
3813,2
1836,4
2793,1
3164,2
2084,1
4101,1
3535,2
4301,2
3352,1
310,2
996,1
19,3
731,1
1357,1
1502,6
3000,2
2576,1
2084,1
594,1
621,4
2439,1
2942,1
3195,1
4320,1
2801,1
3561,2
1815,1
1133,1
3164,1
1569,1
2767,1
1822,1
944,1
1891,1
4320,4
2196,4
4238,2
4066,1
3194,3
484,2
3547,1
1545,2
3502,2
3830,1
1007,1
2346,1
3625,1
4008,1
3017,1
1516,3
2755,5
2133,1
307,3
753,1
2627,2
2318,2
376,1
22,1
3159,1
237,5
2957,6
136,1
4099,1
1346,1
432,2
434,3
2216,3
4160,1
3529,1
92,2
1929,2
2563,4
3346,1
423,4
2369,3
2101,2
975,2
2279,3
4209,5
3564,1
528,2
2840,1
2681,2
2246,4
3235,2
1861,2
390,1
205,7
876,3
2401,1
4177,1
3498,1
2334,3
540,3
579,1
828,1
3326,3
684,2
396,6
3538,2
3110,1
612,2
3235,2
3251,8
3581,4
593,1
171,1
2845,1
4180,1
2679,2
375,1
3042,1
3082,2
1277,4
1123,1
3154,1
3637,1
832,2
3498,1
3260,3
1477,1
22,1
1787,2
2239,1
1844,3
1999,2
1381,1
3994,1
3126,4
2157,1
1996,1
2072,2
1962,1
2411,3
3984,1
1830,3
3260,2
2598,1
3974,5
73,2
3607,2
3338,5
2070,2
1570,1
3809,2
460,3
1848,4
2426,5
3498,3
1591,1
1539,3
4289,2
1401,3
650,2
2683,2
1428,1
4023,1
2388,3
1141,2
1950,3
4102,2
1971,2
266,2
1601,1
1308,1
1453,1
3720,3
410,2
2465,1
3264,1
1452,1
3003,2
1176,5
2706,1
1260,2
3351,1
3642,1
2583,1
1735,1
469,1
158,1
969,1
4062,3
509,2
2470,1
3865,1
2677,1
3872,1
1427,2
1377,1
1440,1
268,3
3253,2
1474,1
3651,1
635,1
2340,4
733,5
1421,1
1648,2
596,1
3735,1
3223,2
495,1
774,1
1474,1
4282,1
1523,1
1224,2
3176,6
2017,4
999,4
1073,1
825,1
1880,1
2358,1
1610,3
3895,4
1612,1
2260,2
3876,1
1863,2
2894,1
1120,1
1808,1
616,2
3843,3
520,1
3810,1
2412,3
3920,1
239,2
1640,1
1404,1
1364,1
2367,1
981,1
4350,3
2655,1
1927,1
1177,1
3784,1
128,1
3033,2
864,1
1183,1
3387,1
2690,1
1091,1
524,1
608,1
2151,1
1114,1
4007,2
3056,1
1829,1
2665,1
2653,1
3400,1
154,1
283,1
1697,1
3676,1
808,1
3059,1
2109,1
4215,2
2598,1
462,1
3005,1
2224,1
2295,1
4212,1
974,1
193,1
3582,1
3837,1
969,1
4035,2
1671,1
2554,7
1515,1
705,1
3280,4
3849,1
508,2
419,2
3188,1
