window_id,cluster_id,head_vehicle_id,head_score,degree,speed,cluster_size
0,0,1292,0.45393654524089316,16,28.08,17
0,2,2930,0.5225888324873096,4,28.19,5
0,1,393,0.41946403385049374,4,30.13,5
0,3,1120,0.55,1,27.55,3
0,4,1808,0.4,2,30.53,3
1,2,784,0.7000000000000001,4,27.54,8
1,0,616,0.6038461538461539,23,28.07,13
1,1,393,0.711564245810056,4,30.74,16
1,5,547,0.183072546230441,26,27.83,15
1,6,3843,0.21386138613861383,25,28.6,8
2,1,393,0.7365724381625444,4,30.24,10
2,2,784,0.7522251308900524,4,30.07,22
2,5,2416,0.5607378330614464,26,25.65,24
2,0,616,0.7013937282229966,23,29.77,14
2,6,3843,0.46238938053097345,25,30.29,15
3,1,393,0.5419448558733052,4,28.14,15
3,5,2416,0.579699677239486,25,29.44,37
3,2,784,0.798767605633803,4,29.58,17
3,6,3843,0.7832613390928727,26,28.84,29
3,7,520,0.4460379464285715,6,28.45,11
4,1,393,0.6643421052631578,4,29.19,21
4,8,3579,0.43289613423959217,21,26.37,19
4,5,2416,0.7048146969721865,25,30.68,65
4,2,784,0.6222325293753865,4,29.75,23
4,9,3810,0.3,2,22.37,2
5,1,393,0.5584551795401704,4,30.3,43
5,8,2412,0.6352808988764045,23,28.62,17
5,2,49,0.55,7,26.54,13
5,5,2416,0.7977764659582842,24,26.15,69
5,10,3269,0.5275830258302584,24,26.45,17
6,1,3030,0.6844213649851633,6,28.46,54
6,8,2412,0.7272727272727273,23,29.41,42
6,5,2416,0.7174612305490019,23,26.7,57
6,10,4276,0.4796875000000001,25,28.36,21
6,2,3920,0.6021444695259595,6,26.47,7
7,1,3030,0.49265945458643223,5,30.44,68
7,8,2412,0.7330827067669172,23,29.19,39
7,5,2416,0.7053583226549733,23,26.96,31
7,10,4276,0.6673400905786384,24,28.69,38
7,11,1970,0.4790570175438597,23,29.24,26
8,1,2067,0.5984135667396062,8,28.54,54
8,12,449,0.4377450980392157,13,26.78,26
8,11,1689,0.6749999999999999,23,27.78,39
8,5,3129,0.5220354835936073,22,28.07,59
8,10,4276,0.7199494949494949,24,29.9,43
9,11,547,0.61021897810219,31,29.81,16
9,1,2067,0.539085510688836,6,30.94,73
9,5,3663,0.6429181483362968,24,27.72,64
9,10,1221,0.5870103972671694,21,25.83,61
9,12,449,0.5950436852173728,24,25.31,26
10,1,2231,0.6142857142857142,5,22.09,69
10,12,449,0.6152679008207885,20,28.58,46
10,5,2973,0.6055518636658987,22,25.77,77
10,10,3231,0.5254209391307413,19,28.41,40
10,11,547,0.7293322163714695,32,16.85,35
11,1,2231,0.7177962532092425,5,28.73,68
11,12,1309,0.524636413843888,29,27.65,31
11,5,4051,0.6561677292784499,25,28.06,66
11,11,547,0.7371127136752138,26,25.27,64
11,10,3231,0.6366967469616476,19,28.5,49
12,1,2930,0.6321428571428572,6,25.59,70
12,11,547,0.8063910898063926,26,25.98,81
12,10,2494,0.5419704246713851,22,28.78,54
12,12,239,0.627459635539609,30,0.1,32
12,5,4051,0.7255154639175259,25,30.77,66
13,1,3956,0.6269706336939722,7,28.11,46
13,5,739,0.5962600690448793,26,28.54,60
13,12,239,0.73,33,0.0,33
13,10,2494,0.6923037314041403,22,31.25,84
13,11,547,0.6741034088837647,26,29.04,100
14,5,739,0.6813752302282748,36,28.49,37
14,1,3956,0.48450211753019823,6,28.96,101
14,11,547,0.748693092621664,27,5.37,89
14,13,261,0.4936407934689721,23,26.83,51
14,10,2494,0.5882138115815563,22,28.53,70
15,10,3579,0.45957766661164007,27,27.57,89
15,1,2118,0.5820574257597159,8,29.15,90
15,13,261,0.7404575875810748,23,28.66,104
15,11,747,0.7000000000000001,27,3.97,43
15,5,739,0.7127948277748134,39,3.61,42
16,1,2010,0.42836857634620107,22,26.89,136
16,10,3923,0.4393639189093734,32,28.53,41
16,11,747,0.5695224705121187,24,23.23,59
16,13,261,0.7354297165012929,22,29.07,103
16,5,739,0.6079445929114243,39,17.12,40
17,1,1272,0.5453174603174602,21,29.28,106
17,5,256,0.585,37,0.05,41
17,10,981,0.4301588417147151,22,20.33,73
17,13,261,0.7589511241138172,22,28.42,104
17,11,2969,0.5925437333525303,26,26.0,61
18,1,1272,0.6539789734654393,19,28.93,109
18,11,2969,0.5356066382655733,22,30.04,80
18,13,261,0.594868336987781,23,30.82,105
18,10,290,0.4843209997177166,28,28.12,80
18,5,372,0.643631689434818,35,10.58,33
19,1,1272,0.6409898722745451,18,29.74,127
19,11,554,0.5999128919860628,25,29.52,62
19,13,261,0.5630581780890423,22,29.87,101
19,10,290,0.6141146993318486,27,29.79,92
19,5,3196,0.5839225770933087,33,6.26,36
20,1,3518,0.5087348844047487,23,28.62,132
20,10,4091,0.6346015398132884,31,16.83,92
20,11,554,0.645393475190351,25,30.78,89
20,13,4199,0.5604556136143738,23,28.48,93
20,5,3196,0.7530378844045605,41,0.01,43
21,1,1072,0.48878934829054244,15,23.37,173
21,11,554,0.698911238659355,25,29.13,69
21,13,4199,0.7048454409565005,23,30.57,103
21,5,1791,0.7000000000000001,52,0.05,55
21,10,1182,0.6875000000000001,29,17.52,59
22,11,554,0.7221413721413722,26,29.8,34
22,1,1072,0.5976045542043883,16,29.88,164
22,5,1791,0.7701473570922959,42,4.56,49
22,13,4199,0.5756914154113658,22,29.63,135
22,10,1182,0.5321042164785165,24,25.75,83
23,10,2494,0.46550270383356995,21,14.56,95
23,1,123,0.511444203025911,19,20.2,220
23,11,13,0.5605612998522895,24,30.05,29
23,5,533,0.6538461538461539,38,0.0,41
23,13,4199,0.6728995072716613,23,28.35,89
24,11,2077,0.48367940960762745,22,28.85,30
24,5,677,0.6681606310505558,35,9.33,39
24,1,123,0.7215529797827988,20,29.39,161
24,10,3125,0.6343482356221277,31,15.78,147
24,13,4199,0.5574461105683228,22,29.51,101
25,11,2569,0.4013200242055639,24,31.09,137
25,1,2471,0.5663254950786623,11,29.13,79
25,13,4199,0.5814157399888031,23,28.38,114
25,10,1721,0.6215595570547304,27,22.17,96
25,5,599,0.4957023516589583,31,9.56,64
26,11,713,0.5608897322369809,26,27.97,66
26,1,292,0.41586140000775607,18,10.92,178
26,10,3946,0.5946702918172584,29,27.69,117
26,13,472,0.5993962678375413,23,28.48,101
26,5,4185,0.6341160949868074,33,13.91,40
27,1,3062,0.5706539062267053,23,26.81,196
27,10,3479,0.47080459770114935,22,27.23,135
27,11,713,0.5028744626733993,23,28.82,27
27,5,2851,0.644162087912088,32,10.46,43
27,13,472,0.7128667018889301,22,29.54,110
28,1,3062,0.6905811806940616,21,30.04,203
28,11,256,0.5207385285359418,23,30.28,60
28,13,472,0.6692038949182635,20,28.81,103
28,5,1796,0.5985265180452346,31,7.2,44
28,10,3479,0.523216379564041,22,23.23,104
29,10,2675,0.6416032640021079,27,22.11,200
29,11,372,0.46923076923076923,19,23.71,20
29,1,773,0.6215013472467177,22,25.84,156
29,13,3456,0.6000884129872748,22,28.27,113
29,5,3298,0.5760170722847803,28,12.55,33
30,1,773,0.6288407060497179,22,30.83,167
30,11,1640,0.44812448547117856,28,26.2,46
30,10,2675,0.5966906729680733,24,30.87,133
30,13,3456,0.619866957744772,20,29.39,115
30,5,3298,0.6452240475122478,25,21.31,68
31,1,773,0.6647774447486681,21,28.75,204
31,10,1419,0.6068217606968505,28,28.39,132
31,13,3456,0.5768417348363352,22,29.65,106
31,5,220,0.6278152069297402,26,25.58,58
31,14,1404,0.4239294710327456,26,18.11,28
32,1,3254,0.6623712353234329,19,25.87,157
32,15,547,0.445263634663204,26,18.7,102
32,10,2971,0.5166468123562274,24,29.63,77
32,13,2138,0.6348677530976752,23,26.14,108
32,5,220,0.5607319667761056,25,24.66,94
33,1,90,0.4830594122892778,17,28.0,67
33,10,3611,0.5591518823020338,29,30.08,98
33,5,220,0.603474254693917,25,29.44,161
33,13,2138,0.7477346325375909,23,27.13,109
33,15,625,0.6474944243127587,23,20.37,113
34,1,90,0.5444674882690399,19,29.44,97
34,10,3611,0.6359220380412571,23,29.42,130
34,15,3648,0.6331390190041222,19,28.14,102
34,13,1571,0.5635553553926018,23,29.36,108
34,5,2367,0.6036297917667997,23,19.97,120
35,1,1364,0.49422074855152953,23,25.29,118
35,10,359,0.5914951455542065,29,23.15,60
35,13,1967,0.5638808808546435,23,23.89,135
35,15,3648,0.5476439381009274,20,31.48,141
35,5,4172,0.5599587541438595,18,25.38,107
36,16,907,0.5055555555555556,25,28.31,34
36,15,3648,0.6191174634325752,21,29.51,230
36,13,1967,0.6412291568131242,23,30.47,157
36,10,4076,0.597847565278758,29,22.31,32
36,5,4172,0.6410363761549451,20,30.86,118
37,16,3206,0.43584957652618445,21,4.32,92
37,13,1967,0.570958097567613,22,30.34,185
37,15,3648,0.6046445340827701,20,28.33,116
37,10,4258,0.467568622541041,28,28.37,25
37,5,4172,0.6168630844315105,19,27.56,159
38,15,251,0.5123941276115189,24,28.33,163
38,16,2367,0.5258542510121458,24,27.79,26
38,10,4258,0.5763867948708705,21,28.01,162
38,13,2931,0.5128896564345315,25,28.86,125
38,5,1652,0.6115831444887909,21,28.11,103
39,17,1517,0.4591301133563331,22,20.12,51
39,10,4258,0.5662352814057781,20,30.51,164
39,15,350,0.5979963134461261,27,26.83,106
39,13,2931,0.665491541287669,21,30.79,156
39,5,1652,0.6103748537841841,21,30.29,100
40,15,689,0.4799192945193319,25,25.57,85
40,17,1677,0.48640171302739704,14,28.1,34
40,13,2931,0.6350533628722372,22,31.27,172
40,5,1652,0.6089934471395833,21,28.87,108
40,10,4258,0.5992212788660103,20,28.97,178
41,15,3873,0.6714285714285714,30,26.11,99
41,13,2931,0.6527842451701252,22,29.03,117
41,10,748,0.5855962140381779,26,23.19,156
41,17,251,0.5392649903288201,25,17.0,106
41,5,1843,0.5734068130864431,19,28.02,96
42,13,2227,0.5199932460370693,23,28.48,145
42,15,3873,0.40047435177811297,22,28.08,119
42,17,2027,0.5265666833492749,21,26.46,153
42,10,1451,0.6333920704845815,27,7.43,69
42,5,3052,0.4863980471044808,23,27.5,97
43,15,2456,0.4747956757501382,34,28.02,104
43,13,144,0.549077505299573,23,27.03,77
43,10,3063,0.6199952784776042,26,8.96,136
43,5,3052,0.6589546191255855,22,28.76,103
43,17,2027,0.62275654998209,20,30.45,151
44,15,981,0.5177356111135105,30,29.7,67
44,10,248,0.579377990430622,27,19.57,66
44,13,144,0.6096455048173304,19,29.58,201
44,17,53,0.5798977834392194,21,28.36,126
44,5,3052,0.6943998748272142,22,30.52,104
45,17,4350,0.4203287793408197,18,28.64,118
45,13,3422,0.5223261395755382,26,29.63,172
45,18,2704,0.5481237973059654,25,0.42,32
45,5,3052,0.7023291136141767,22,29.63,101
45,10,1126,0.632473106883578,23,14.55,137
46,17,4350,0.4575600631143303,18,29.41,165
46,18,2655,0.5196220388607932,23,10.33,32
46,13,3422,0.6283246027096405,22,29.45,147
46,5,4327,0.6798817567567568,22,24.13,102
46,10,3746,0.6804180721328491,26,14.19,115
47,17,4350,0.6181112216915582,18,22.93,82
47,19,301,0.4214285714285714,22,18.37,22
47,5,4327,0.6776086078785555,21,28.67,152
47,13,1259,0.4777875193242866,27,11.64,146
47,10,3746,0.6673316475158457,24,21.85,154
48,19,301,0.6365199557119415,21,24.17,62
48,13,1568,0.47188427299703267,20,28.23,189
48,20,3055,0.4608193616095425,25,0.75,55
48,5,4327,0.6220549525769455,21,30.43,129
48,10,3746,0.6340114996266585,21,24.73,122
49,13,1568,0.5964694656569358,20,31.16,138
49,19,3688,0.5746095717884132,24,28.06,153
49,10,2143,0.5243643872097747,24,30.25,126
49,5,4327,0.5409621480534633,21,30.53,105
49,20,3055,0.6691964285714285,24,0.0,29
50,19,2457,0.5218454184436931,22,29.51,126
50,10,2434,0.5761327377153798,23,28.71,70
50,13,1568,0.6571753917761436,20,30.93,109
50,5,1296,0.5348325276271126,20,28.45,95
50,20,3852,0.4805288321132548,24,25.24,152
51,13,1568,0.4756451185085039,20,28.12,262
51,19,1315,0.5064852918964324,27,29.83,27
51,20,2704,0.5757912722854511,19,24.04,153
51,10,567,0.5317204931754584,25,29.64,25
51,5,1296,0.7479699621496496,18,27.82,91
52,13,2167,0.6885167464114833,29,27.63,139
52,20,2704,0.6570591722958223,18,23.21,161
52,10,2243,0.4720214432417712,27,28.77,26
52,19,3094,0.4167545930489431,26,29.49,131
52,5,1296,0.6379082188725613,18,30.95,96
53,13,238,0.48115753863621735,21,26.41,173
53,20,4073,0.5257968302650806,21,15.14,123
53,10,3293,0.4863404689092763,22,28.18,25
53,5,4093,0.5993710449143387,21,27.36,102
53,19,3094,0.6712928802219097,24,29.24,127
54,13,238,0.6690354744621443,23,25.51,111
54,10,559,0.6727272727272727,23,9.71,29
54,5,4093,0.7409947416511511,21,29.7,102
54,20,2379,0.5687072840320253,23,19.3,121
54,19,3094,0.6276298617481301,23,29.26,190
55,13,238,0.6035665413617409,24,25.26,118
55,20,871,0.5378006312342303,22,29.43,153
55,5,4093,0.6676627687976151,21,30.67,104
55,10,2793,0.5046715328467154,27,12.28,62
55,19,3094,0.7432880691329988,24,28.97,116
56,20,871,0.6437093640976848,22,30.68,134
56,13,238,0.5938788035150264,30,28.01,100
56,19,3094,0.7120737937739994,24,29.95,133
56,5,4093,0.5630300822793619,21,30.29,102
56,10,2793,0.6478457608037533,22,24.88,90
57,20,871,0.6928050567639888,25,28.21,103
57,13,2027,0.5777777777777778,36,29.48,82
57,19,3094,0.586883620729156,23,30.55,149
57,10,2450,0.6755847446402508,23,21.38,130
57,5,3949,0.5555959813325573,20,27.13,102
58,20,871,0.6491522088362736,23,23.88,115
58,13,1555,0.5679933674320069,33,26.85,84
58,10,2450,0.5801115116405866,23,29.02,145
58,5,3949,0.62612548741581,20,30.69,108
58,19,361,0.5959727659518455,20,27.83,120
59,10,2450,0.5777312626528083,21,31.48,194
59,19,361,0.6229032252149838,18,28.93,205
59,5,3949,0.5291934427228545,20,31.2,116
59,20,296,0.6576963906581742,31,11.06,33
59,13,2790,0.6691246684350133,20,16.53,25
60,19,2418,0.49348074099319333,20,28.21,230
60,10,2450,0.6526621635255901,21,26.35,163
60,20,1927,0.5708252988816044,28,27.49,31
60,5,3949,0.5708309062414294,20,29.77,117
60,13,174,0.6606979405034324,19,13.69,31
61,19,2418,0.6041218112240025,17,26.42,242
61,21,500,0.4831290083707556,25,20.02,48
61,10,2450,0.5618744374437443,21,25.86,147
61,5,680,0.604226501305483,25,25.03,109
61,13,174,0.6006205944508582,20,27.96,25
62,21,500,0.726464842586747,24,25.16,52
62,19,169,0.5278257689455917,20,28.67,171
62,13,174,0.629963637257662,24,27.4,97
62,10,1416,0.5192182084777393,19,17.56,134
62,5,680,0.7613248662266996,25,28.19,116
63,19,1128,0.5357040921070692,22,27.8,226
63,21,3165,0.4340447154471545,24,28.14,59
63,5,680,0.7364312446022453,25,29.28,150
63,10,296,0.5643232675475768,23,12.14,108
63,13,2387,0.5965604710794971,25,15.82,35
64,10,296,0.6613049347636255,22,29.05,192
64,19,1128,0.6377753317122287,20,28.21,198
64,21,102,0.5582637866143021,26,28.8,26
64,5,680,0.6145437343184,23,28.59,124
64,13,2387,0.6908850533692372,26,17.98,40
65,19,1688,0.5933133093244664,18,27.19,148
65,21,14,0.4452165685449958,24,20.5,60
65,13,353,0.595,25,10.91,102
65,10,296,0.7336248263256547,22,27.86,154
65,5,680,0.5941825203513109,25,28.21,123
66,19,1233,0.49230769230769234,33,25.52,163
66,10,296,0.6321751321221205,21,29.22,205
66,21,4155,0.5929120754686694,27,19.37,51
66,5,2875,0.5953426084800972,19,22.5,128
66,13,2321,0.6354086042311662,28,7.75,39
67,19,1233,0.6082926281610286,29,28.63,274
67,10,296,0.5235324520026977,21,30.68,119
67,21,1177,0.6285939833619475,30,16.94,38
67,5,2875,0.7191363487457445,20,25.4,121
67,13,2321,0.6783603870985891,25,23.23,30
68,22,163,0.32187050359712227,26,30.8,23
68,19,518,0.4573151637317247,27,28.11,251
68,10,848,0.4276160065619874,24,31.25,162
68,5,3493,0.6722508271298594,25,25.11,115
68,13,1231,0.6525974025974025,24,6.33,30
69,19,3356,0.477226357172132,24,28.1,125
69,22,163,0.6456344656986324,21,29.37,96
69,10,848,0.6307680458433906,24,28.85,207
69,5,3493,0.6785285672340315,25,30.59,123
69,13,1231,0.6640658427410066,24,18.64,33
70,19,96,0.42425409047160734,31,29.8,96
70,13,1825,0.6258346226268774,21,12.33,90
70,5,3493,0.6756801813327797,25,28.31,123
70,10,522,0.6215152577173644,27,23.16,134
70,22,163,0.45977852762254523,18,29.08,135
71,19,96,0.5753245686319015,22,28.21,124
71,22,3379,0.41640271304566845,18,28.89,174
71,5,3493,0.578859985445368,26,28.67,122
71,10,522,0.6680468451764192,26,22.88,114
71,13,3784,0.58,21,2.16,54
72,19,2607,0.4853510217890771,27,27.58,129
72,22,4072,0.588395324646548,23,24.33,169
72,23,1812,0.4558742964452969,25,23.9,74
72,5,770,0.5133637756725139,22,28.62,111
72,10,522,0.6055875714004159,27,31.09,104
73,19,1126,0.6543244907445789,35,26.37,96
73,23,3383,0.3773606116575844,23,29.5,75
73,10,522,0.6288516191090295,25,19.9,102
73,5,770,0.6737212018894578,22,28.75,114
73,22,4072,0.6054888548459759,21,29.06,201
74,19,1126,0.5656845774650648,25,29.75,149
74,10,2326,0.5427463166928617,29,24.31,149
74,5,2184,0.604762984953663,23,28.21,118
74,22,4072,0.6857226502868183,22,30.87,150
74,23,2394,0.5916011436740529,25,23.49,30
75,19,1827,0.48614896867838037,23,24.64,121
75,22,4072,0.6792439683191686,22,29.86,176
75,5,2184,0.6219280198413843,22,27.33,130
75,10,2326,0.7056163467947493,27,26.62,140
75,23,1412,0.6412326388888889,26,7.56,30
76,19,75,0.3837174845468894,14,28.59,112
76,22,4072,0.5319421875126692,22,31.43,163
76,10,2326,0.5868433647949621,25,30.41,152
76,23,1412,0.6299412937956677,25,26.28,44
76,5,2184,0.6085933393718098,23,28.72,128
77,19,2688,0.4717182497331911,33,27.02,246
77,22,506,0.4614080647001011,23,30.27,110
77,5,1836,0.5906894237829945,26,28.31,126
77,10,1524,0.5257650412266208,25,17.05,92
77,23,1345,0.5941933153232394,22,12.4,30
78,19,895,0.616168096087883,28,25.84,210
78,22,1576,0.554579167403038,26,30.2,59
78,10,1524,0.6150244239605457,22,25.52,170
78,5,1836,0.7038686146092026,25,30.82,139
78,23,1345,0.6630456226880395,18,21.85,22
79,23,2324,0.5365096716199884,28,26.65,61
79,19,1304,0.603147620719639,23,28.01,153
79,22,3813,0.35413844843258224,23,12.33,124
79,10,1524,0.6112612070567439,24,28.9,135
79,5,1836,0.70292613003822,25,29.53,118
80,19,3164,0.48055555555555557,27,27.25,57
80,23,458,0.5234948302086888,27,27.38,131
80,10,1524,0.5986652797058363,22,28.51,183
80,22,3813,0.6892591444513329,23,24.55,82
80,5,1836,0.6936456313949746,25,29.6,130
81,19,3164,0.8055714198065137,26,16.47,72
81,23,2793,0.5311427762955777,18,16.91,61
81,10,3535,0.531003853674477,19,28.15,183
81,22,1502,0.617146552042303,25,28.53,155
81,5,2084,0.650349163851396,24,24.89,112
82,23,4101,0.4351758751307293,19,20.04,157
82,19,128,0.4189851767388826,26,28.07,60
82,22,1502,0.5788635068389059,25,30.91,116
82,10,3535,0.5059827517095454,18,29.11,143
82,5,4301,0.6488077239414058,24,20.38,120
83,22,1502,0.6075541587468327,24,25.94,204
83,23,310,0.5854189336235038,28,29.32,116
83,10,19,0.5941314630491461,19,27.49,140
83,5,4301,0.5323624478501361,22,27.95,115
83,24,3352,0.5075282308657466,23,14.12,25
84,23,310,0.5459779130244395,22,30.43,100
84,22,1502,0.5580455618157306,24,27.58,156
84,10,19,0.5939019804153451,20,29.74,197
84,5,621,0.5298627657143493,26,25.87,115
84,24,996,0.6002063789868668,26,21.35,34
85,23,731,0.4288199863374823,23,7.95,142
85,10,19,0.5915805279526196,18,29.54,181
85,24,3033,0.6129831313888368,28,3.12,39
85,22,1502,0.6867921352742038,23,27.14,120
85,5,621,0.7528135187427138,26,27.92,122
86,24,3033,0.5656466373874905,25,27.09,108
86,10,3000,0.5643330200465373,23,24.25,203
86,22,1502,0.5779065371813019,21,28.05,142
86,5,621,0.6951705882352942,26,31.41,123
86,23,1357,0.5875595805529076,28,23.59,34
87,10,3000,0.4851753312351866,23,27.94,222
87,25,594,0.4092166879523201,25,28.76,24
87,23,2084,0.65,28,7.25,30
87,22,2576,0.6266785131239644,25,18.88,206
87,5,621,0.6926763705272937,25,26.53,133
88,10,2942,0.4047800707050445,21,24.74,150
88,22,4320,0.6707282681200257,26,14.58,180
88,23,864,0.5463317384370016,23,4.74,29
88,25,2439,0.45436413490470484,21,27.57,127
88,5,3561,0.6079193205944797,23,24.98,130
89,25,2801,0.4990549578365804,20,28.16,243
89,26,1183,0.4854508196721311,23,28.42,21
89,22,4320,0.6613029353314088,23,25.47,184
89,5,3561,0.6288937676928555,22,30.62,140
89,10,3195,0.5780069844879396,20,22.97,22
90,27,4320,0.4577859187568156,26,26.34,68
90,10,1133,0.5784296028880868,32,30.13,74
90,22,1815,0.5357750818016795,23,27.21,155
90,25,3164,0.540700951994883,22,29.02,191
90,5,2196,0.6233881604367705,27,27.08,123
91,22,1822,0.6084770114942528,28,19.8,69
91,10,1569,0.4673530281635682,29,28.13,162
91,27,4320,0.5667193097377524,23,27.2,219
91,25,2767,0.605646664897948,28,17.49,34
91,5,2196,0.7087419614147911,26,30.36,123
92,27,4320,0.6070465537059677,22,29.44,155
92,10,3194,0.5579091832937916,23,27.63,119
92,25,944,0.5117529918931065,27,25.08,130
92,22,1891,0.6130644454186761,28,21.69,69
92,5,2196,0.7344135327116762,27,29.57,119
93,10,3194,0.6352859997253637,24,28.89,117
93,27,4320,0.5549458818615166,22,28.02,174
93,25,4238,0.5509067357512953,20,28.54,151
93,5,2196,0.6878691409329837,27,28.89,121
93,22,3387,0.592629179331307,25,14.08,28
94,10,3194,0.5749953028916366,25,28.45,157
94,25,4238,0.5005706741936634,19,29.77,158
94,28,4066,0.4064814814814815,27,0.0,37
94,27,484,0.5723343527262006,23,14.54,175
94,5,2755,0.5829741190153873,19,28.28,72
95,25,3502,0.4438824534777387,32,27.98,190
95,5,2755,0.4560450271890817,19,30.83,143
95,28,3547,0.5866676019453797,34,18.93,41
95,10,1545,0.5864608909154684,30,24.45,43
95,27,484,0.6043761903719432,20,23.3,190
96,25,3502,0.604324563880436,28,27.51,252
96,27,1516,0.6449791391082897,28,16.84,173
96,10,1545,0.6446120396633436,25,22.62,39
96,5,2755,0.669976038276357,19,29.59,95
96,28,3830,0.6362500000000001,34,0.0,41
97,10,2346,0.5581827014154176,26,17.52,128
97,25,1007,0.5291749808206896,24,26.11,181
97,27,1516,0.6613726234990759,26,28.68,156
97,28,3625,0.6189454177897574,31,11.87,33
97,5,2755,0.6094914815532035,18,28.32,108
98,25,4008,0.5103183120689466,31,24.83,236
98,5,2755,0.5352030023098487,18,29.9,116
98,10,307,0.6193949263934395,26,12.17,52
98,27,1516,0.658284418945681,26,25.88,177
98,28,3017,0.4500891795481569,26,8.06,27
99,25,2957,0.6197630922693268,24,27.71,163
99,10,307,0.6869333659822835,24,17.03,126
99,28,2690,0.5653846153846154,28,3.15,35
99,27,2133,0.6922131503022114,29,18.72,174
99,5,237,0.5327758858646974,25,28.4,107
100,27,2318,0.6158633880455353,29,6.26,179
100,10,307,0.6341557216163866,25,18.68,115
100,29,2627,0.3702335858585858,19,23.58,18
100,25,2957,0.7079765104073925,23,27.55,167
100,5,237,0.6899144219502968,25,30.44,118
101,25,2957,0.5644540746852788,22,30.78,183
101,29,2627,0.6060728242457663,22,25.63,94
101,27,2318,0.6802939974015679,27,21.09,141
101,5,237,0.7437050195403615,25,28.41,156
101,10,753,0.607403008709422,22,23.82,26
102,25,2957,0.6089360069179418,22,30.88,179
102,10,1091,0.6119565217391305,32,27.23,89
102,29,376,0.4614102983806191,27,24.21,163
102,5,237,0.708756813550099,24,27.15,112
102,27,524,0.6442833123160993,29,12.81,46
103,25,2957,0.6175299227365456,22,28.81,243
103,29,3159,0.4750449006538088,33,25.99,149
103,30,22,0.4663961038961039,24,0.11,28
103,5,237,0.6899119028327557,24,28.02,152
103,31,608,0.4143228571428571,20,21.75,23
104,25,2957,0.6511163345990139,23,27.84,271
104,32,2151,0.5413934426229509,28,25.57,48
104,30,136,0.45999999999999996,21,0.57,22
104,29,434,0.5662126181748023,27,24.35,82
104,5,2216,0.6360896809310912,23,27.08,167
105,33,4099,0.3674029835171789,27,25.63,91
105,25,432,0.5441560258981751,20,22.83,219
105,5,2216,0.6911281187819989,23,28.51,162
105,29,434,0.6520780518268211,26,26.03,94
105,30,1346,0.5714285714285714,27,0.0,28
106,33,1114,0.4817135318042682,26,29.54,100
106,29,434,0.6850741921583847,27,28.19,158
106,25,432,0.7445228861683592,22,22.82,175
106,5,2216,0.6136114471751135,23,29.21,120
106,30,2563,0.6589999999999999,32,1.73,37
107,34,1929,0.38775869205298,32,29.51,29
107,25,4160,0.4963727534551128,30,25.79,173
107,29,92,0.5460344986816601,19,22.35,221
107,30,2563,0.7,32,0.0,33
107,5,423,0.6073185803623963,23,24.41,139
108,34,1929,0.6532964782964783,25,28.06,30
108,25,3529,0.4697671608206089,24,28.86,279
108,29,92,0.5920960904380593,20,26.09,144
108,30,2563,0.740909090909091,31,0.0,32
108,5,423,0.7466863843096133,23,26.89,105
109,25,3346,0.547499898706834,29,27.89,153
109,29,2369,0.537301301878767,27,26.94,168
109,34,4209,0.40693136694566484,23,28.3,111
109,30,2563,0.7432539682539682,32,0.0,38
109,5,423,0.6093419883076615,24,29.56,117
110,34,4209,0.6945519194106978,24,29.67,189
110,30,2101,0.6538461538461539,31,2.47,35
110,25,2279,0.5137941308152624,23,28.22,127
110,29,2369,0.6594539392234534,24,30.68,114
110,5,423,0.5984978043886681,23,26.96,119
111,34,4209,0.6069924413926631,22,31.03,175
111,25,2279,0.5994496266104987,21,28.33,136
111,5,975,0.5368609283625729,22,27.01,106
111,29,2369,0.6618366364940973,23,27.46,131
111,30,2101,0.5764669016842929,34,30.58,33
112,34,4209,0.697568230949179,21,27.89,235
112,29,205,0.645786886485669,26,18.14,181
112,5,975,0.6485722130876128,21,29.6,106
112,25,2279,0.7121212121212122,25,29.45,29
112,30,4007,0.6548823851203501,34,8.15,37
113,34,4209,0.5510404522317603,21,29.78,186
113,29,205,0.6904344675026957,25,26.64,221
113,30,4007,0.6435858887387591,30,30.01,38
113,5,2246,0.6333505924800511,25,24.42,115
113,25,3564,0.6355043887546113,25,11.39,32
114,34,528,0.4443023255813954,33,28.95,123
114,29,205,0.5891448596655301,23,29.02,199
114,5,2246,0.6937462382162778,22,29.08,107
114,25,2681,0.7000000000000001,27,0.0,31
114,35,3056,0.4056702376309405,19,27.16,126
115,25,2681,0.660442334962483,24,5.03,100
115,34,528,0.5321090094523083,24,31.5,166
115,5,2246,0.6996886966791858,22,28.23,112
115,29,205,0.6787194317133559,24,30.09,154
115,36,2840,0.4233173076923077,27,7.18,61
116,34,3235,0.5036838912451838,25,26.98,247
116,29,205,0.6828012814445127,23,27.08,132
116,36,876,0.676923076923077,30,3.88,77
116,5,2246,0.6142271912846032,22,28.33,106
116,25,1861,0.7000000000000001,28,9.63,34
117,25,1861,0.6088387363631663,23,26.92,76
117,29,205,0.6516884919541074,26,28.2,64
117,34,3235,0.7727985599703502,27,4.47,208
117,5,390,0.5602983394314663,21,28.41,106
117,36,876,0.7453897780953237,26,17.55,135
118,29,205,0.690858296918822,21,28.86,41
118,34,2401,0.5053903345724907,34,27.66,210
118,36,876,0.6774491394962722,25,22.98,166
118,25,2334,0.5805072056896875,25,7.33,73
118,5,540,0.5875646787348126,22,26.84,104
119,29,1829,0.5647108130762784,24,30.07,59
119,25,2334,0.47603249188986985,20,25.51,161
119,36,3498,0.5573921118224916,24,11.51,94
119,34,4177,0.40326259946949605,26,31.08,164
119,5,540,0.6635299362448144,22,31.25,111
120,25,2334,0.4864203109375139,27,28.51,145
120,34,396,0.4813313060702565,18,28.89,163
120,36,3251,0.5307887265326504,25,27.86,121
120,5,540,0.7135113204605779,22,28.01,120
120,37,2665,0.5051020408163266,27,3.46,39
121,25,579,0.6620007801812524,24,25.88,162
121,38,828,0.37027972027972034,20,26.22,22
121,36,3251,0.7201240153550887,25,28.3,132
121,5,3326,0.6137156528921289,22,27.49,112
121,34,396,0.474096661115436,18,28.85,156
122,25,684,0.4361283084505177,20,21.56,86
122,38,2653,0.5836162551440329,25,22.81,27
122,36,3251,0.6932490941160873,26,26.61,162
122,5,3326,0.6567657672811634,22,29.37,129
122,34,396,0.5232467954088306,17,28.24,193
123,25,684,0.6403939224587679,24,15.59,144
123,34,396,0.46455148246142314,18,29.5,220
123,39,3400,0.4590909090909091,20,28.45,21
123,36,3251,0.6375103171082522,25,21.5,91
123,5,3326,0.6795773342728287,22,28.66,119
124,34,396,0.5442294788375093,17,28.5,249
124,40,154,0.4096875000000001,24,30.88,36
124,36,3251,0.721955787875738,25,27.65,156
124,5,3581,0.6470779170393248,23,27.71,114
124,25,3538,0.5887423643550126,27,12.74,35
125,34,396,0.47743938120799756,16,29.41,206
125,41,612,0.4096101891161714,25,29.83,35
125,36,3251,0.5805335202491007,22,27.35,206
125,5,3581,0.705538316493262,22,29.06,102
125,25,3538,0.6703187838692153,29,21.61,37
126,34,3235,0.4372972972972974,34,29.18,157
126,41,612,0.647401497747276,28,28.21,64
126,36,3251,0.6178223601206908,22,25.89,197
126,5,3581,0.6767111777389683,23,29.82,139
126,25,3110,0.6199015247776367,35,16.81,40
127,34,3235,0.5468176975695983,28,28.77,249
127,36,3251,0.664168782031146,23,27.24,170
127,5,3581,0.6073097174807515,23,29.57,114
127,25,593,0.6181818181818182,30,0.0,32
127,41,283,0.5456146614304415,29,19.77,33
128,42,1697,0.470263788968825,36,25.61,117
128,34,1277,0.5361965316547657,23,23.3,171
128,36,2679,0.3927683765788232,23,24.75,184
128,5,171,0.5838345864661654,20,28.28,97
128,25,2845,0.6196070633153038,25,1.13,27
129,43,3676,0.4255555555555555,29,23.08,25
129,34,1277,0.5752014034824784,22,29.71,336
129,5,4180,0.4179409672830725,25,0.0,32
129,36,2679,0.6254794471839935,21,26.76,164
129,25,3082,0.6997568093385215,31,0.41,34
130,34,1277,0.5220106415952008,22,30.94,249
130,5,375,0.4640918430471476,24,13.75,38
130,36,3042,0.6096090670170828,26,13.36,173
130,44,3260,0.39976861896739496,23,29.49,100
130,25,3082,0.650420170088736,26,17.7,30
131,34,1277,0.4981642201062605,21,29.77,195
131,5,3154,0.5867264926159327,23,12.3,109
131,36,832,0.5906024564460495,27,14.06,167
131,44,3260,0.6919740509482044,22,30.46,98
131,25,1123,0.6625,25,0.47,29
132,34,3498,0.5917345750873109,24,29.1,163
132,25,3637,0.564456304180695,24,0.01,130
132,36,832,0.7474477372992674,24,23.83,166
132,5,808,0.5044582814445828,22,18.14,23
132,44,3260,0.5806402669342108,21,30.19,115
133,25,1787,0.63027950310559,32,27.94,183
133,36,1477,0.6120269657901587,25,18.39,140
133,34,1844,0.5073273562628974,25,24.39,129
133,45,22,0.5310103833865815,22,9.38,28
133,44,3126,0.6095109853108792,22,28.06,114
134,25,1787,0.5275438335454241,23,28.44,137
134,34,1844,0.5447425129643315,25,28.17,174
134,36,1999,0.630678319222912,25,10.34,90
134,44,3126,0.6685899138178568,22,30.49,169
134,45,2239,0.6368208714362561,25,19.81,31
135,25,3059,0.5084205020920503,30,24.55,102
135,34,1844,0.5015642508057246,25,30.1,203
135,36,1999,0.5841486526740937,20,26.22,146
135,44,3126,0.5908493658058886,22,29.76,128
135,45,1381,0.65,25,0.0,28
136,34,2072,0.4977833735662579,19,25.28,234
136,36,2411,0.5889163430132265,27,20.95,174
136,46,3994,0.5166666666666666,24,27.25,28
136,44,3126,0.5793581096806076,21,29.43,136
136,45,2109,0.629358543020421,27,8.69,34
137,34,2072,0.5259040662886856,21,31.28,267
137,46,2157,0.5070325326847066,23,28.06,25
137,36,2411,0.6880042188197023,26,26.42,162
137,47,1996,0.5487989886219975,30,7.96,36
137,44,3974,0.656806359776105,24,26.37,119
138,46,3338,0.4108311162880107,22,28.25,140
138,47,1962,0.6454545454545455,27,2.22,36
138,34,1830,0.4680708617120397,23,7.54,157
138,36,2411,0.5972829627467805,25,27.8,159
138,44,3974,0.7221109902067465,25,28.91,121
139,46,3338,0.6400479616306953,22,28.77,166
139,34,1830,0.4340584040547352,20,21.24,149
139,47,3984,0.6251009421265142,33,16.52,56
139,36,3260,0.5423089744494636,22,24.24,134
139,44,3974,0.711786843064954,24,28.59,104
140,47,2598,0.5378787878787878,26,0.0,35
140,34,1830,0.5265500692250173,25,28.26,161
140,46,3338,0.6199852791680497,22,29.09,165
140,36,3260,0.5567954806358354,19,26.05,119
140,44,3974,0.624725124371865,24,29.67,125
141,34,73,0.45907521578821225,20,22.39,136
141,46,3338,0.6772289643383662,21,29.12,196
141,36,2070,0.5836754952768679,23,16.49,120
141,47,3607,0.6481558028616853,37,10.87,38
141,44,3974,0.568115729491523,24,28.87,115
142,36,2070,0.5887713261444283,21,29.67,161
142,34,73,0.4620982498622299,16,23.39,130
142,46,3338,0.5324808716141876,17,28.45,155
142,47,3607,0.8227319411160562,40,7.46,46
142,44,2426,0.6287983441314748,23,25.98,104
143,34,1570,0.6039905298116042,26,27.01,104
143,47,3809,0.6867692839847804,41,5.12,48
143,46,1848,0.5115165808696317,24,30.01,197
143,36,460,0.6275032544764731,27,17.77,150
143,44,2426,0.7033568904593641,24,31.23,100
144,47,3809,0.7471692854045795,41,3.87,49
144,34,3498,0.4637149461677474,20,18.98,132
144,46,1848,0.6844120767544785,23,28.81,192
144,44,2426,0.7332388080960393,23,29.21,95
144,36,460,0.6887943111652822,24,26.51,132
145,46,1848,0.560192366785051,22,29.3,298
145,47,1539,0.6358563215135381,38,5.5,46
145,44,2426,0.7496312267937881,23,28.08,102
145,36,460,0.5473868492682895,24,28.83,130
145,34,3498,0.7046655444964871,26,19.36,28
146,46,1848,0.5252020273110622,23,28.68,249
146,36,1401,0.5923047565781147,27,10.76,177
146,47,1539,0.768080130590048,38,2.0,41
146,44,2426,0.6357324641329138,22,28.84,104
146,34,3498,0.7441773692026735,29,10.88,37
147,46,1591,0.5033649215158719,30,25.63,189
147,36,1401,0.5734057889932589,24,26.63,233
147,44,650,0.5040919780498285,21,28.09,106
147,47,1539,0.805343991897562,49,4.04,52
147,34,4289,0.6609217171717172,30,7.99,41
148,46,2683,0.5096837944664031,35,26.5,214
148,47,4215,0.6905466237942123,45,1.96,54
148,36,1401,0.5974232065491423,25,27.11,213
148,34,4289,0.709358717627804,29,20.07,37
148,44,650,0.5673894409011953,20,28.43,109
149,46,2683,0.5235225885383877,26,29.05,288
149,34,2388,0.6689524610854019,31,12.61,41
149,36,1428,0.5918638957752298,26,8.41,155
149,44,1950,0.612050432568502,20,23.43,103
149,47,4215,0.7384462688009036,32,3.16,35
150,46,4023,0.49401913875598097,33,26.24,250
150,48,2598,0.47978153780252725,21,26.85,34
150,36,1141,0.5318303529467471,31,25.0,184
150,44,1950,0.7152294831460673,22,28.63,109
150,34,2388,0.7235899421416847,29,17.79,32
151,34,2388,0.5248901282217225,24,23.18,138
151,46,4102,0.5424484579832874,20,19.15,190
151,49,462,0.4197233248351459,31,13.75,31
151,36,1141,0.6823685404765625,32,31.12,143
151,44,1950,0.6768117801363199,22,28.03,105
152,46,4102,0.5462546617340829,16,27.25,225
152,34,1971,0.6695419847328244,35,26.17,93
152,36,266,0.566528638011634,30,9.46,154
152,44,3720,0.5922976437960105,25,27.68,107
152,50,3005,0.55,21,10.37,26
153,34,1971,0.457079364710838,23,28.04,137
153,51,1601,0.4185583304888686,26,8.16,29
153,46,1176,0.5331616635990957,22,26.69,189
153,36,266,0.6370183965226721,28,22.98,97
153,44,3720,0.7227224409882187,24,28.26,146
154,34,410,0.4864127457713714,20,16.03,149
154,36,1453,0.5872323625513459,25,23.95,150
154,44,3720,0.5046429028062087,24,30.61,108
154,51,1308,0.5094427724610897,29,0.73,64
154,46,1176,0.7225614720729523,20,27.11,122
155,34,410,0.5001598184391737,18,21.77,140
155,51,3264,0.5767468014504653,25,9.01,184
155,36,2465,0.5962537188688505,26,28.6,25
155,46,1176,0.6259673124219942,20,29.59,131
155,44,3003,0.6014606329313319,21,25.24,110
156,34,2224,0.6080179356893867,28,26.76,75
156,36,1452,0.4895300511508951,20,20.54,27
156,46,1176,0.669229925461413,20,29.01,189
156,51,1260,0.6469384391835827,31,11.55,193
156,44,3003,0.5869341977249439,20,29.27,105
157,46,1176,0.6083065364800264,20,31.41,258
157,36,2706,0.524447872659469,27,29.46,52
157,52,3351,0.460210020242915,26,3.19,30
157,44,4062,0.5844592953104376,20,27.08,149
157,51,1260,0.6329173180453509,25,22.73,92
158,46,2583,0.5806905652705657,18,20.01,107
158,36,3642,0.3472053018703695,20,22.81,171
158,51,509,0.5748172816956414,26,22.56,146
158,44,4062,0.6606925720899504,20,28.8,124
158,52,1735,0.6540339314048578,29,5.87,32
159,44,4062,0.5590159462692792,20,28.58,145
159,36,158,0.5189270334310886,18,28.39,150
159,46,469,0.5030751985420822,21,18.35,57
159,52,969,0.5471286947781991,28,14.04,36
159,51,509,0.7184109853671836,25,27.95,208
160,46,3865,0.4466990547423484,21,24.68,177
160,36,2470,0.3767160667741809,12,22.78,134
160,52,2295,0.64609375,26,0.89,34
160,44,2677,0.61,20,25.51,116
160,51,1427,0.5682086068083462,26,25.85,133
161,36,3872,0.4057843258149859,18,9.61,155
161,53,1377,0.44044240400667783,34,28.25,46
161,46,268,0.592480666062844,20,4.39,119
161,51,1427,0.5722919799912556,26,28.59,163
161,44,733,0.6303632509160588,26,25.94,112
162,36,1440,0.4788256486870395,31,25.65,121
162,51,2340,0.6102517449514394,24,19.58,159
162,53,4212,0.55,23,24.14,24
162,44,733,0.7092909994967453,25,29.21,130
162,46,268,0.6268513598547399,18,28.15,144
163,46,268,0.5511768510411993,19,31.2,147
163,36,3253,0.58,20,25.32,107
163,54,974,0.4843253968253969,22,5.0,45
163,51,2340,0.6595447380031474,25,27.01,163
163,44,733,0.641458146362117,23,30.58,115
164,36,3253,0.5439633499181676,20,29.99,160
164,55,3651,0.465068493150685,30,27.7,69
164,46,1474,0.6664659534102317,19,27.85,95
164,51,2340,0.659682598425703,26,24.73,147
164,44,733,0.5443218623481781,23,28.76,114
165,36,635,0.6049511854951186,32,23.59,212
165,46,1648,0.38703871555597164,25,27.34,106
165,55,193,0.5759864364981505,24,28.69,26
165,51,2340,0.5474160830592277,24,26.9,97
165,44,733,0.6245053713491763,23,28.82,135
166,46,1648,0.5180177335425339,19,29.67,193
166,36,1421,0.5975341564672162,25,25.84,104
166,51,3223,0.545313262815297,23,24.47,137
166,44,3176,0.5828700758122906,24,25.05,110
166,56,3582,0.4576704545454546,22,12.57,32
167,36,596,0.4914478925362799,22,20.02,123
167,46,3735,0.5487276696511685,28,26.94,148
167,51,3223,0.583057969888758,22,29.29,172
167,57,3837,0.55,23,5.85,28
167,44,3176,0.7122985468956408,24,29.85,105
168,36,495,0.5501769626769626,33,30.14,59
168,46,1474,0.519651902493765,22,28.05,213
168,58,969,0.4555592233060178,26,29.82,64
168,51,774,0.617411351457153,24,15.63,128
168,44,3176,0.7447533199625891,24,29.54,109
169,36,4282,0.4772914168237109,17,11.34,109
169,51,999,0.6006877990430622,23,28.33,150
169,46,1523,0.5395992442029239,19,28.16,141
169,59,2017,0.46463208988522087,21,17.43,53
169,44,3176,0.6819636794544924,24,28.26,109
170,36,1224,0.656113537117904,28,28.16,81
170,51,999,0.615337812272193,22,29.41,109
170,46,4035,0.632091595904965,23,28.11,149
170,59,2017,0.6025685085514861,19,25.78,87
170,44,3176,0.6883010543135157,24,29.42,132
171,36,1224,0.4796946015334975,21,29.83,123
171,51,999,0.6341178101060666,21,28.96,87
171,59,2017,0.5902256149284469,20,25.42,107
171,46,4035,0.7411986590508046,22,29.59,120
171,44,3176,0.6398490416985485,24,26.98,120
172,36,825,0.48923403077092464,18,27.16,220
172,51,999,0.6495253164556962,20,28.13,21
172,60,1073,0.4070870994248152,30,30.27,41
172,59,2017,0.600546207557852,21,30.31,169
172,44,3895,0.5945420224737278,18,25.55,103
173,59,1610,0.5096986355225994,22,24.19,158
173,51,1880,0.5344750158127768,21,28.59,27
173,60,1671,0.5669705760464153,31,28.75,35
173,36,2554,0.5990043025085886,21,28.04,217
173,44,3895,0.7876982682462135,18,25.72,116
174,51,2358,0.43502336026884997,21,30.41,53
174,61,1515,0.24049543510402907,27,29.43,139
174,36,2554,0.5159578064105622,21,31.05,127
174,59,1610,0.5607062239616512,21,29.27,133
174,44,3895,0.7568058824463755,20,27.45,104
175,62,2260,0.4731665960152607,24,23.65,27
175,36,2554,0.5907427963445007,21,31.2,255
175,51,705,0.5832467803642635,26,6.91,32
175,44,3895,0.6410438841822181,19,28.12,116
175,59,1610,0.5312263122040619,20,28.3,133
176,62,2260,0.5073646011164211,17,22.3,44
176,36,2554,0.6808703596775436,22,28.05,238
176,59,3280,0.5836093025465839,24,23.3,146
176,44,1863,0.5547679863090218,18,27.86,103
176,63,1612,0.42356448251910167,19,13.48,22
177,63,3849,0.5127470468903206,30,30.03,65
177,62,3876,0.6110514106291387,22,26.94,173
177,59,3280,0.5569977468159489,26,27.54,103
177,36,2554,0.6184998349822228,20,28.47,102
177,44,1863,0.6412187083383031,18,28.63,109
178,62,508,0.6167593028684092,19,28.02,147
178,36,2554,0.4400871095555054,20,29.06,124
178,64,2894,0.5329166666666667,24,28.3,99
178,44,419,0.5594982597061704,22,28.5,106
178,59,3280,0.6759237462855808,24,28.6,77
179,36,2554,0.5347650144740002,20,29.05,125
179,62,508,0.6524098654282212,19,30.39,138
179,64,3188,0.5637104506232024,24,28.63,32
179,59,3280,0.6471080028961016,23,30.6,142
179,44,419,0.8285360650161209,22,27.14,108
