window_id,vehicle_id,z_0,z_1,z_2,z_3,z_4,z_5,z_6,z_7,z_8,z_9,z_10,z_11,z_12,z_13,z_14,z_15
5,37,0.6253909,0.09825744,-0.6390684,-0.39410853,0.26516253,-0.48947155,0.25838685,0.6575759,-0.36515668,0.16798107,-0.00015342236,0.2301077,-0.0012538731,-0.481951,0.14081705,-0.23895745
5,2987,0.6253909,0.09825744,-0.6390684,-0.39410856,0.26516253,-0.48947155,0.25838685,0.6575759,-0.36515668,0.16798107,-0.00015342608,0.2301077,-0.0012538731,-0.48195097,0.14081705,-0.23895745
5,2261,0.6253908,0.09825744,-0.6390684,-0.39410856,0.26516253,-0.48947158,0.25838685,0.6575759,-0.36515668,0.16798107,-0.00015342236,0.2301077,-0.0012538731,-0.48195094,0.14081706,-0.23895748
5,1761,0.6253908,0.09825744,-0.6390684,-0.39410856,0.2651625,-0.48947158,0.25838688,0.6575759,-0.36515665,0.16798107,-0.00015342608,0.2301077,-0.0012538731,-0.48195097,0.14081706,-0.23895748
5,13,-0.81075287,-0.36643034,0.55962396,0.10960338,-0.6117743,-0.15436251,0.62873137,-0.009652224,0.75864047,0.21385603,0.65565664,0.4473796,-0.26449826,-0.30019772,0.19701317,0.12939548
5,49,0.42107666,0.31708798,-0.8463788,-0.6559325,0.3446275,0.05517615,-0.43626386,-0.62544787,-0.69691885,0.5160605,-0.08650716,-1.0689826,-0.018417753,0.18470943,0.0950737,0.019043619
5,70,-0.31848136,-0.024502838,0.4717783,0.48308557,-0.09938211,0.42903677,-0.20521125,-0.25552922,0.3073129,-0.4683803,-0.19431895,0.13124865,0.25194567,0.4079567,-0.21467109,-0.052049868
5,80,-0.8127079,-0.37116063,0.5509784,0.09182179,-0.6190028,-0.17336231,0.6467691,0.000115776435,0.76015157,0.23742336,0.6743113,0.44873908,-0.27934656,-0.32262725,0.20979412,0.13350283
5,90,-0.6470482,-0.26580706,0.51444316,0.21390527,-0.44489944,0.004858114,0.37743434,-0.08332284,0.60549533,0.007734146,0.39839584,0.34850556,-0.117478654,-0.089160025,0.06951977,0.083757386
5,91,-0.12476625,0.07199108,0.42736676,0.614968,0.08736502,0.6296939,-0.5034187,-0.34500638,0.13305187,-0.7230027,-0.49603185,0.025157228,0.4581127,0.65860254,-0.37097633,-0.11975856
5,93,0.31811652,0.023857005,-0.16592418,-0.14548403,0.19062471,-0.16399196,-0.057543337,0.2155389,-0.19447252,0.01060259,-0.107768446,-0.062842146,-0.051011093,-0.12319877,0.023346765,-0.002688866
5,140,-0.9494548,-0.50219184,0.5185302,-0.12365149,-0.80482686,-0.44424614,0.98153824,0.12441773,0.8817151,0.5750344,1.027104,0.5372874,-0.5010883,-0.6559213,0.40092957,0.20883678
5,186,-0.12872961,-0.053072967,0.2737591,0.36839673,0.0048945695,0.2964426,-0.21769242,-0.22740878,0.13078201,-0.41351748,-0.1892445,0.077670366,0.23010355,0.33799833,-0.21293122,-0.0056776404
5,215,0.41244605,0.030647628,-0.3742714,-0.20247915,0.21650317,-0.2647612,0.01129128,0.23401596,-0.2747911,0.016719583,-0.106073126,0.048873913,0.04762456,-0.20403379,0.009671809,-0.06348976
5,221,0.36375633,0.22306336,-0.6622465,-0.4694989,0.30956104,-0.0011830293,-0.34353518,-0.417651,-0.52969974,0.35366565,-0.116992176,-0.69140494,0.051283553,0.10284894,0.058023214,-0.031542093
5,251,-0.106477745,0.10154984,0.42474476,0.6188533,0.10588448,0.65431684,-0.53429437,-0.34083074,0.120049246,-0.73308265,-0.52778745,0.00687322,0.47120637,0.6741977,-0.3768418,-0.13332164
5,273,0.11919484,0.04737988,-0.18308336,-0.24328953,0.047548857,-0.13083464,-0.027499713,-0.025915891,-0.15050581,0.1913178,0.051386233,-0.2256053,-0.1540312,-0.09785509,0.06522906,0.11115551
5,317,0.42092898,0.10226316,-0.1658563,-0.12647945,0.25554174,-0.1928087,-0.08872591,0.40940654,-0.25460154,0.031762745,-0.157099,-0.014840462,-0.113282464,-0.18735257,0.077202864,-0.027424298
5,393,0.6223777,0.07336967,-0.67416996,-0.30872187,0.31271252,-0.40662453,0.05867897,0.3574488,-0.4472756,0.06853048,-0.17865184,0.21540116,0.16422912,-0.2993026,0.007339973,-0.17944081
5,513,-0.5268133,-0.17114457,0.51191133,0.34016895,-0.308459,0.18743697,0.13771433,-0.16405758,0.49418643,-0.20208009,0.15373605,0.26649222,0.037130438,0.12843263,-0.053235583,0.03007868
5,520,0.11614082,0.064139344,-0.21865636,-0.27910525,0.04447259,-0.10074255,-0.05079003,-0.104408845,-0.18499675,0.2046512,0.055948917,-0.28903705,-0.14227486,-0.07167814,0.05989752,0.12211003
5,547,-0.14913821,-0.0071245935,0.37090555,0.5111321,0.033008724,0.47111037,-0.35412174,-0.29917082,0.14957196,-0.5867412,-0.34129113,0.067592144,0.35117018,0.51125133,-0.3009968,-0.063216425
5,554,-0.09835195,0.11391235,0.4191788,0.6126743,0.112087704,0.65598905,-0.54043293,-0.33475125,0.11430719,-0.72723675,-0.5340818,-0.0013419483,0.4688941,0.67177874,-0.37395456,-0.13678223
5,616,-0.15591031,-0.045016386,0.34310162,0.46329933,0.013093699,0.39951867,-0.2878642,-0.27970856,0.15706638,-0.52247465,-0.26276857,0.08623366,0.30500162,0.4447216,-0.26838136,-0.033730738
5,654,-0.16738316,-0.037151866,0.36099094,0.48217976,0.010255868,0.42345586,-0.30051234,-0.2873193,0.16567138,-0.54197466,-0.28149948,0.088379934,0.3176469,0.46408707,-0.2779388,-0.042831033
5,678,-0.16879684,-0.033066906,0.36980388,0.4957114,0.013197888,0.43967557,-0.3137007,-0.2942639,0.1669401,-0.5585636,-0.29624078,0.08720796,0.3292376,0.48062986,-0.28639942,-0.048247233
5,689,-0.11931502,0.11769832,0.43382597,0.6153759,0.100207314,0.6586995,-0.530926,-0.3349748,0.13185516,-0.7180244,-0.5249129,0.0025915988,0.45744038,0.6692968,-0.3651362,-0.13493592
5,736,-0.1351729,0.030780582,0.40194705,0.57111347,0.06211517,0.55710655,-0.43637428,-0.3280293,0.1387279,-0.66759944,-0.42699355,0.04555312,0.41311732,0.5951814,-0.3436619,-0.09381704
5,738,0.3506048,0.071106546,-0.36014187,-0.23882446,0.21722436,-0.16692488,-0.066475384,0.068374515,-0.24850857,0.058260538,-0.08396022,-0.17007147,0.0066841897,-0.1135445,0.032559708,-0.030191004
5,747,-0.11020277,0.08431491,0.41084486,0.5953097,0.09423994,0.6183097,-0.502113,-0.33053342,0.12127406,-0.7035446,-0.49565864,0.014992956,0.447546,0.64156806,-0.36150822,-0.12081829
5,762,-0.10932463,0.1278066,0.4448962,0.6433554,0.11520587,0.6951417,-0.5673327,-0.3506481,0.12453707,-0.75781965,-0.5603596,-0.00438118,0.48927984,0.7077954,-0.38764298,-0.1465388
5,773,-0.10647773,0.10154985,0.42474478,0.6188533,0.10588448,0.6543168,-0.5342943,-0.3408307,0.12004926,-0.73308265,-0.52778745,0.00687322,0.47120637,0.6741976,-0.37684178,-0.13332166
5,784,0.3919899,0.05088169,-0.18293798,-0.15773778,0.22940844,-0.21142127,-0.051256396,0.34932268,-0.23340005,0.036787115,-0.117687754,-0.026786786,-0.09894969,-0.18356246,0.06511358,-0.014449
5,785,-0.09835192,0.11391236,0.4191788,0.6126743,0.11208771,0.65598905,-0.54043293,-0.3347513,0.11430719,-0.72723675,-0.5340818,-0.0013419464,0.46889406,0.6717787,-0.37395453,-0.13678223
5,805,-0.12023046,-0.049864613,0.2631948,0.3573891,0.008116562,0.28711304,-0.21530087,-0.22040753,0.12306932,-0.4033417,-0.18741597,0.07320145,0.2241986,0.32817826,-0.2082936,-0.004861433
5,833,-0.15743798,-0.05987899,0.31886604,0.4233166,-0.0005506128,0.34776402,-0.24372754,-0.26119465,0.15625226,-0.4707612,-0.21412243,0.091067,0.26580513,0.39420763,-0.24064976,-0.014251512
5,861,-0.8764765,-0.46985188,0.46830767,-0.1348848,-0.75078404,-0.4357403,0.92548394,0.12656057,0.8138104,0.55692923,0.96844053,0.49720782,-0.48187575,-0.63520133,0.38352957,0.20137511
5,946,-0.15591034,-0.04501638,0.34310162,0.46329927,0.013093695,0.39951867,-0.28786424,-0.27970856,0.1570664,-0.52247465,-0.2627686,0.08623366,0.30500156,0.44472164,-0.2683814,-0.033730723
5,981,-0.8127079,-0.37116057,0.5509783,0.09182179,-0.6190028,-0.1733623,0.6467691,0.00011578109,0.76015157,0.23742333,0.67431116,0.4487391,-0.27934653,-0.32262725,0.20979415,0.13350283
5,997,0.38588738,0.2577024,-0.7297557,-0.54094636,0.32173184,0.022495274,-0.38013327,-0.49675852,-0.59044904,0.41178676,-0.10479766,-0.83230907,0.030256595,0.12994438,0.070119426,-0.013738915
5,1072,-0.07194292,-0.028203717,0.21226962,0.31188443,0.031618327,0.2526258,-0.21827047,-0.19172843,0.079941675,-0.3678657,-0.19293834,0.04479165,0.20409061,0.29510197,-0.19245136,-0.003729947
5,1120,0.38192263,0.050962232,-0.38092878,-0.20645997,0.21550488,-0.2227823,-0.025961075,0.15612885,-0.26617712,0.02985048,-0.111663856,-0.0118809845,0.053170204,-0.16274408,0.012507407,-0.05844909
5,1125,-0.104192816,0.12601249,0.4282913,0.6191249,0.11191875,0.6686187,-0.5484072,-0.3366192,0.11900719,-0.72912395,-0.5420099,-0.005641762,0.46894914,0.67994326,-0.37265196,-0.13973913
5,1138,-0.7790468,-0.34522897,0.5545475,0.13563597,-0.57782036,-0.11805372,0.57518375,-0.026193745,0.7293729,0.16645269,0.6007383,0.42851764,-0.23177513,-0.25286263,0.1684341,0.11943039
5,1159,-0.41241023,-0.09559046,0.48207852,0.40748283,-0.19694039,0.30450886,-0.038171485,-0.21004169,0.390019,-0.3349023,-0.02541193,0.1934155,0.1432121,0.2684872,-0.13521026,-0.009152573
5,1172,0.11877129,0.050395668,-0.20452602,-0.27484465,0.041987255,-0.13691162,-0.024519028,-0.045446116,-0.16591427,0.21908131,0.06743516,-0.25337675,-0.16667213,-0.10329097,0.075417735,0.123974204
5,1272,-0.15823263,-0.054381438,0.33544427,0.4506062,0.006835103,0.37987754,-0.2703025,-0.27584,0.15813059,-0.50508153,-0.24137382,0.089532346,0.2910446,0.42779708,-0.2588747,-0.024293076
5,1292,-0.1430684,-0.05542545,0.30238163,0.40760055,0.005272027,0.3345345,-0.24110575,-0.2507322,0.14363998,-0.4569755,-0.21305628,0.08472727,0.2589077,0.37996167,-0.23491333,-0.013406336
5,1309,-0.106477715,0.101549834,0.42474476,0.6188532,0.10588448,0.6543168,-0.53429425,-0.3408307,0.120049246,-0.73308265,-0.52778745,0.00687322,0.4712063,0.6741976,-0.37684178,-0.13332166
5,1392,-0.15642142,-0.02086669,0.36117598,0.48840865,0.020908598,0.44002393,-0.32227358,-0.2876262,0.15611419,-0.5547571,-0.3071996,0.076737046,0.3280103,0.47846758,-0.2844549,-0.052635007
5,1414,-0.52681327,-0.1711446,0.5119114,0.3401689,-0.30845898,0.18743697,0.13771436,-0.16405755,0.49418637,-0.20208007,0.15373604,0.26649216,0.037130434,0.12843266,-0.053235583,0.030078683
5,1491,-0.12023046,-0.049864627,0.2631948,0.3573891,0.008116562,0.28711304,-0.21530086,-0.22040753,0.12306932,-0.40334174,-0.18741597,0.07320145,0.2241986,0.32817826,-0.2082936,-0.004861433
5,1495,-0.43079647,-0.10320935,0.49563,0.41271335,-0.2094611,0.3047696,-0.026354719,-0.2121186,0.40683475,-0.33362895,-0.013797458,0.20324081,0.13984841,0.26657712,-0.13262744,-0.007839374
5,1556,-0.641823,-0.26741004,0.50187576,0.19474167,-0.44782284,-0.015224233,0.39196485,-0.07115014,0.60123736,0.029839851,0.41345483,0.34768283,-0.13103384,-0.11179228,0.080805555,0.08775121
5,1606,-0.14646569,0.009003665,0.39273146,0.5505904,0.046318375,0.5206952,-0.39924422,-0.3202929,0.1465295,-0.6373434,-0.38846114,0.058974493,0.38761503,0.56304693,-0.32704997,-0.07835671
5,1615,-0.16148147,-0.043479823,0.35955724,0.48720434,0.015837835,0.425134,-0.3059948,-0.293314,0.1624856,-0.55037403,-0.2812395,0.08809574,0.324575,0.47195202,-0.2828938,-0.04034408
5,1624,0.12047187,0.064646706,-0.18412738,-0.22097002,0.058573805,-0.07616596,-0.0683087,-0.08242436,-0.16659448,0.14674297,0.015094761,-0.24722481,-0.11237178,-0.049391653,0.0358338,0.099559024
5,1680,-0.119315036,0.11769832,0.4338259,0.61537576,0.10020731,0.65869945,-0.530926,-0.33497483,0.13185516,-0.7180244,-0.52491283,0.0025916025,0.45744038,0.66929686,-0.36513615,-0.13493593
5,1685,-0.70256597,-0.30132124,0.52506846,0.16670616,-0.50652957,-0.06377509,0.47600698,-0.047848828,0.65894127,0.0927475,0.4980084,0.38488513,-0.17755,-0.17850384,0.12123814,0.10171151
5,1689,-0.16738316,-0.03715188,0.36099094,0.4821798,0.010255868,0.42345586,-0.3005123,-0.28731933,0.16567138,-0.54197466,-0.28149948,0.088379934,0.3176469,0.46408707,-0.2779388,-0.042831026
5,1694,0.43344912,0.017972056,-0.31233457,-0.22386974,0.19251508,-0.3115813,0.112115145,0.41573268,-0.2546098,0.0484984,-0.033367675,0.09731433,-0.045693576,-0.29189366,0.05788167,-0.08023098
5,1727,0.19438133,0.32825804,-0.62385553,-0.52417576,0.16769335,0.06007136,-0.24783558,-0.5050048,-0.5632165,0.5794623,0.082883924,-1.0104824,-0.33674392,0.23021847,0.10377124,0.27629536
5,1734,0.32575622,0.34596556,-0.7535463,-0.6414349,0.25896397,0.10374753,-0.38928825,-0.64950377,-0.65586716,0.5413053,-0.008574303,-1.2010648,-0.17955728,0.22786659,0.100250944,0.13976558
5,1742,0.4482955,0.0494327,-0.4349647,-0.24828854,0.24142352,-0.27751842,0.011205688,0.23584916,-0.30047834,0.045369856,-0.10127573,0.010144681,0.045612223,-0.215134,0.02971463,-0.07970449
5,1783,-0.12326864,0.067228265,0.4168247,0.5993398,0.083236665,0.61010504,-0.48796034,-0.33725837,0.13079074,-0.7044672,-0.48036075,0.026124459,0.44422913,0.63932407,-0.36175507,-0.11398904
5,1788,0.36036754,0.3458544,-0.80078167,-0.6580168,0.29260764,0.0873131,-0.40469393,-0.64640814,-0.68153876,0.5507946,-0.02819026,-1.182627,-0.14490794,0.22055772,0.10405877,0.10863106
5,1795,0.08239041,0.049207546,-0.21928875,-0.308203,0.009119691,-0.13590138,-0.0059472807,-0.09830455,-0.16975665,0.25288212,0.103526294,-0.27660128,-0.17388387,-0.113944165,0.08521598,0.14369881
5,1832,-0.87647665,-0.46985194,0.46830776,-0.13488479,-0.75078416,-0.43574032,0.925484,0.12656058,0.8138104,0.5569291,0.96844053,0.49720782,-0.4818757,-0.6352014,0.38352957,0.20137511
5,1867,0.19438133,0.32825804,-0.62385553,-0.52417576,0.16769335,0.06007136,-0.24783558,-0.5050048,-0.5632165,0.5794623,0.082883924,-1.0104824,-0.33674392,0.23021847,0.10377124,0.27629536
5,1905,0.28130004,0.02702422,-0.14746054,-0.1251935,0.17106023,-0.14213903,-0.061459318,0.18165898,-0.17409581,0.005331274,-0.102050625,-0.06424737,-0.046111375,-0.10718467,0.015887255,0.0026036538
5,1911,-0.13088638,0.04998345,0.4135707,0.5917311,0.07344962,0.5906449,-0.46698156,-0.33652255,0.1362398,-0.6934887,-0.458522,0.036144476,0.43378556,0.6245671,-0.35669923,-0.105541915
5,1916,0.12882395,0.06882902,-0.20107386,-0.2400658,0.062235326,-0.076441064,-0.073893726,-0.09612843,-0.18021789,0.16016857,0.02039938,-0.27167255,-0.11655532,-0.046993867,0.04032764,0.10402937
5,1930,-0.13088638,0.04998345,0.41357064,0.5917311,0.07344962,0.5906449,-0.46698162,-0.33652252,0.1362398,-0.69348884,-0.45852202,0.03614448,0.43378556,0.62456715,-0.35669923,-0.105541915
5,1939,-0.053102404,0.72891283,-0.20075032,-0.34132102,0.0140584875,0.006556645,0.24077612,0.78292817,-0.28718433,1.2390809,0.31068742,-0.73943925,-1.5341449,0.09836792,0.6180068,0.63761765
5,1951,0.3506048,0.071106546,-0.36014187,-0.23882446,0.21722436,-0.16692488,-0.066475384,0.068374515,-0.24850857,0.058260538,-0.08396022,-0.17007147,0.0066841897,-0.1135445,0.032559708,-0.030191004
5,1970,-0.16148147,-0.043479815,0.3595572,0.48720434,0.015837837,0.42513403,-0.3059948,-0.293314,0.1624856,-0.55037403,-0.2812395,0.08809574,0.324575,0.47195202,-0.2828938,-0.04034408
5,1981,-0.11304534,0.08864481,0.42303473,0.61313325,0.097755805,0.63976806,-0.51829207,-0.3399989,0.12447824,-0.7244538,-0.5118181,0.014575195,0.46290743,0.6628366,-0.37216264,-0.1267539
5,2051,-0.2920099,-0.009483552,0.4585582,0.48795858,-0.07654069,0.44322458,-0.23520206,-0.25985354,0.28286976,-0.48607495,-0.22545934,0.115261644,0.26667297,0.42706022,-0.22673824,-0.05789969
5,2060,-0.7025661,-0.3013212,0.5250684,0.16670614,-0.50652945,-0.06377509,0.47600698,-0.047848828,0.6589412,0.09274748,0.49800846,0.38488516,-0.17755003,-0.17850387,0.12123814,0.10171153
5,2077,-0.8775131,-0.42614236,0.5428125,0.0036807056,-0.7014412,-0.28644803,0.79059494,0.052297913,0.81924933,0.37901977,0.82601583,0.49013066,-0.3733265,-0.4629066,0.29165652,0.16460048
5,2088,-0.1663748,-0.017560015,0.38754165,0.5253553,0.023814393,0.47975376,-0.35000437,-0.30912825,0.16494781,-0.5966835,-0.33481687,0.07874085,0.3565616,0.52030903,-0.3053736,-0.061651535
5,2118,0.3377471,0.03970309,-0.15363711,-0.12945974,0.20437989,-0.16778183,-0.06384985,0.27104014,-0.19999462,0.0073865727,-0.124210685,-0.033394694,-0.06506272,-0.14013171,0.034438632,-0.010524668
5,2126,0.36187032,0.03362763,-0.17854948,-0.15421522,0.2168181,-0.18008548,-0.06499884,0.26521906,-0.21879658,0.01307147,-0.123881444,-0.056195106,-0.060298413,-0.14015588,0.033709355,-0.011333592
5,2137,-0.20723721,0.057369307,0.45638323,0.5695119,0.017268129,0.571698,-0.3999055,-0.30815947,0.20857176,-0.623942,-0.39375266,0.0583702,0.37671575,0.57092416,-0.30740628,-0.101335794
5,2142,-0.12725258,0.035181347,0.39556706,0.56700695,0.06677688,0.55559784,-0.4399244,-0.32457206,0.13181606,-0.6658101,-0.43190852,0.041263375,0.41333404,0.59315795,-0.343472,-0.095251724
5,2222,0.48793685,0.124278784,-0.18616879,-0.13995056,0.2995957,-0.21145971,-0.106967315,0.48182166,-0.29524133,0.035834298,-0.18609186,-0.015720427,-0.12726653,-0.20900542,0.092791304,-0.040632173
5,2231,0.39916795,0.043155894,-0.37469888,-0.21503147,0.20925379,-0.26133883,0.02666469,0.24636461,-0.2601965,0.037368506,-0.084698096,0.032619495,0.028276522,-0.21410555,0.029074127,-0.07066071
5,2238,-0.11020277,0.08431491,0.41084474,0.5953097,0.09423994,0.61830974,-0.5021129,-0.3305334,0.12127408,-0.7035445,-0.4956587,0.014992952,0.44754604,0.64156806,-0.36150825,-0.1208183
5,2255,0.4603771,0.07608338,-0.53265506,-0.22424482,0.26172683,-0.26459914,-0.041684665,0.14388119,-0.35967818,0.04100485,-0.19184603,0.09474912,0.15290143,-0.16280064,-0.022361388,-0.10832217
5,2299,-0.16401365,-0.04260715,0.35165554,0.47007623,0.009062458,0.40797025,-0.28921613,-0.28263408,0.16327292,-0.52796614,-0.2661495,0.0889384,0.30769253,0.45033038,-0.27086133,-0.036088914
5,2302,-0.12326864,0.06722827,0.41682467,0.5993397,0.083236665,0.6101051,-0.48796034,-0.3372583,0.13079074,-0.7044672,-0.48036072,0.026124459,0.44422916,0.6393241,-0.36175513,-0.11398904
5,2308,-0.20768276,0.048269436,0.4381335,0.5380384,0.006848935,0.53297234,-0.36694103,-0.29071414,0.20753345,-0.5847546,-0.36153314,0.06208032,0.34776884,0.53080666,-0.2868973,-0.09027381
5,2412,-0.720044,-0.30450603,0.54919845,0.1938253,-0.5108497,-0.038397916,0.4652639,-0.06435238,0.6743721,0.06590002,0.4869533,0.3922376,-0.16207053,-0.15144661,0.10844113,0.097693816
5,2416,-0.12872776,0.047666054,0.40039966,0.5711095,0.068783276,0.5672749,-0.44883108,-0.32501504,0.133084,-0.6682637,-0.4408594,0.035994954,0.41528612,0.59990555,-0.34338665,-0.09885028
5,2417,-0.4307965,-0.10320935,0.49563,0.41271338,-0.20946112,0.30476958,-0.026354713,-0.21211861,0.4068347,-0.3336289,-0.013797458,0.20324083,0.13984843,0.2665771,-0.13262744,-0.007839374
5,2518,-0.36770532,-0.061732545,0.47621584,0.44133067,-0.15123674,0.3612185,-0.115692094,-0.23048896,0.35073715,-0.39540467,-0.10324298,0.16343579,0.19248879,0.33230978,-0.17120571,-0.02885098
5,2569,-0.91039646,-0.48300597,0.49531677,-0.123009816,-0.77367777,-0.43276846,0.9452654,0.12215932,0.8455348,0.5568496,0.9890778,0.51559585,-0.48568162,-0.6367659,0.38724652,0.20318419
5,2570,-0.68805355,-0.2951073,0.51288295,0.16035411,-0.4968784,-0.06626331,0.46842295,-0.044885207,0.64547193,0.09434779,0.48988453,0.3767531,-0.17720126,-0.17935663,0.12063241,0.10091703
5,2593,-0.84390897,-0.47179922,0.41330382,-0.20111486,-0.7478353,-0.498275,0.95920795,0.16096579,0.78271013,0.62709165,1.0065045,0.4825204,-0.5218009,-0.7017136,0.41692314,0.21444803
5,2619,-0.16371247,-0.037262887,0.35298434,0.47120813,0.009899281,0.4123087,-0.29313204,-0.28076687,0.16248536,-0.52976024,-0.27420935,0.08724606,0.30968004,0.45187518,-0.27198768,-0.040496416
5,2642,-0.9616612,-0.5056794,0.53081375,-0.114713125,-0.81153125,-0.43834317,0.98427504,0.120411135,0.89321816,0.5690582,1.0299371,0.5437404,-0.49886176,-0.65081865,0.39920405,0.20835963
5,2714,-0.106477715,0.10154985,0.4247447,0.61885333,0.105884485,0.6543168,-0.5342943,-0.3408307,0.12004926,-0.73308265,-0.52778745,0.00687322,0.4712063,0.67419755,-0.37684178,-0.13332166
5,2740,-0.6418229,-0.26741004,0.5018757,0.1947417,-0.4478228,-0.015224231,0.39196485,-0.07115015,0.6012374,0.029839851,0.41345477,0.34768283,-0.13103384,-0.111792296,0.08080555,0.08775121
5,2758,-0.12872964,-0.053072967,0.2737591,0.36839673,0.0048945695,0.29644263,-0.21769242,-0.22740881,0.13078201,-0.41351748,-0.18924448,0.077670366,0.23010354,0.33799833,-0.21293119,-0.005677644
5,2777,-0.13088638,0.04998345,0.41357067,0.5917311,0.07344961,0.5906449,-0.4669816,-0.3365225,0.1362398,-0.69348884,-0.458522,0.03614448,0.4337856,0.62456703,-0.35669923,-0.10554193
5,2830,0.5162702,0.05350166,-0.51955265,-0.247437,0.23833418,-0.37013516,0.097803056,0.39563304,-0.34558985,0.048956178,-0.119010895,0.22767502,0.09985708,-0.3066287,0.019900227,-0.15274112
5,2862,0.8622283,0.13368106,-0.36556566,-0.31065404,0.30319223,-0.5627994,0.15941551,1.1250278,-0.5537739,0.16015936,-0.105286315,0.43205574,-0.15621431,-0.60430694,0.20454204,-0.1493448
5,2926,0.732515,0.20157386,-0.24502826,-0.19810903,0.32214186,-0.34660894,-0.04012154,0.8486348,-0.4516326,0.07604573,-0.20743161,0.17587836,-0.1560046,-0.39746863,0.17069507,-0.09721477
5,2930,0.45906314,0.12520808,-0.17444281,-0.12953566,0.2831729,-0.1990694,-0.104465514,0.45770794,-0.2799403,0.036052197,-0.1773218,-0.017590078,-0.12588373,-0.2001749,0.08940239,-0.035445675
5,2937,-0.10410241,0.115640394,0.43240166,0.63006145,0.11292007,0.67475736,-0.55278945,-0.3448931,0.11967341,-0.7462368,-0.54605615,-0.00018445775,0.48159042,0.6911915,-0.38329294,-0.14088011
5,2941,-0.15284258,-0.0066299234,0.37973678,0.5232761,0.03363282,0.48379454,-0.36266008,-0.30634084,0.1528661,-0.60031056,-0.3496912,0.06863046,0.36028278,0.5247925,-0.3076962,-0.06592254
5,2945,0.34144956,0.18047301,-0.5835543,-0.3819479,0.30110312,-0.0317813,-0.30113643,-0.31983864,-0.4571559,0.27983356,-0.1365803,-0.5189535,0.080081254,0.07063908,0.04297436,-0.05836895
5,2952,-0.8775132,-0.42614236,0.54281247,0.0036807042,-0.7014412,-0.28644803,0.790595,0.052297916,0.81924933,0.37901977,0.82601583,0.49013066,-0.3733265,-0.46290654,0.29165652,0.16460046
5,2969,-0.11034822,0.078688264,0.40631068,0.58858395,0.09137337,0.6076413,-0.49311775,-0.3277485,0.12095996,-0.695632,-0.48659283,0.01725376,0.44117302,0.63243383,-0.3575826,-0.11717087
5,2972,-0.8107529,-0.36643034,0.55962396,0.10960339,-0.6117743,-0.1543625,0.62873137,-0.009652224,0.75864047,0.21385598,0.6556567,0.4473796,-0.2644983,-0.30019772,0.19701318,0.12939548
5,2973,-0.87647665,-0.46985194,0.4683077,-0.1348848,-0.75078404,-0.43574035,0.925484,0.12656058,0.8138105,0.5569291,0.96844053,0.49720782,-0.4818757,-0.6352014,0.38352957,0.20137511
5,3030,0.1018097,0.057820134,-0.2369289,-0.32241103,0.024265055,-0.12843464,-0.023513462,-0.111833,-0.1885213,0.25471798,0.09609865,-0.30705145,-0.17182459,-0.10063984,0.08253104,0.14146885
5,3049,0.089409746,0.03123168,-0.15452968,-0.22190504,0.024638407,-0.14897415,0.0022386909,0.0023105526,-0.118507594,0.18944068,0.06742562,-0.17456546,-0.15673919,-0.1250372,0.07210892,0.111019924
5,3113,0.54719627,0.07285921,-0.60444003,-0.26512265,0.28534254,-0.3433685,0.016901322,0.26724088,-0.4059964,0.053081006,-0.184586,0.17273305,0.16021904,-0.23934108,-0.009049868,-0.14837004
5,3127,0.41244605,0.030647628,-0.3742714,-0.20247915,0.21650317,-0.2647612,0.01129128,0.23401596,-0.2747911,0.016719583,-0.106073126,0.048873913,0.04762456,-0.20403379,0.009671809,-0.06348976
5,3129,-0.08772253,0.1219725,0.4071628,0.5983425,0.117179066,0.6471333,-0.5388971,-0.3245133,0.106223546,-0.7130902,-0.5327567,-0.008383539,0.46094993,0.6595331,-0.36707202,-0.13730732
5,3226,0.56886303,0.064673245,-0.59858537,-0.27778012,0.27599448,-0.3871072,0.076434344,0.37364918,-0.3968352,0.05896759,-0.15086691,0.22082472,0.13274246,-0.30147523,0.012945617,-0.16682471
5,3269,-0.99625397,-0.5101416,0.57654357,-0.0680511,-0.8228207,-0.39817125,0.9706523,0.09575078,0.9251873,0.524717,1.0165039,0.55960864,-0.47586045,-0.6082113,0.3796712,0.20229168
5,3284,-0.84390897,-0.47179922,0.41330385,-0.20111486,-0.7478353,-0.498275,0.95920795,0.16096579,0.78271013,0.62709165,1.0065044,0.4825204,-0.5218009,-0.7017136,0.41692314,0.21444803
5,3312,0.93690693,0.03787378,-0.5525889,-0.43488744,0.26472506,-0.7905143,0.4535271,1.3099381,-0.6028583,0.2293438,0.044950847,0.65336764,-0.14418052,-0.7966723,0.23734432,-0.24821202
5,3320,-0.31848136,-0.024502834,0.4717783,0.4830856,-0.099382095,0.42903677,-0.20521124,-0.25552922,0.30731294,-0.46838024,-0.19431898,0.13124867,0.2519457,0.4079567,-0.21467109,-0.052049868
5,3339,0.6708567,0.012960525,-0.436524,-0.3352464,0.23093873,-0.543826,0.31157067,0.85572386,-0.39772674,0.15090883,0.035337422,0.35796452,-0.12005414,-0.54601693,0.1491595,-0.1649092
5,3371,-0.47282073,-0.12407315,0.5198584,0.41067007,-0.2434589,0.2891464,0.01466614,-0.20829049,0.44550908,-0.31273165,0.029275406,0.22701055,0.12073581,0.24412024,-0.116980016,-0.00043781474
5,3397,-0.12725258,0.035181347,0.39556703,0.5670068,0.06677688,0.5555979,-0.43992445,-0.3245721,0.13181606,-0.6658102,-0.43190852,0.041263383,0.41333404,0.59315795,-0.34347203,-0.09525174
5,3430,-0.8775132,-0.42614236,0.5428125,0.0036807032,-0.7014412,-0.286448,0.790595,0.052297916,0.8192492,0.37901977,0.82601583,0.49013066,-0.37332648,-0.46290657,0.29165652,0.16460046
5,3447,-0.20723718,0.057369307,0.45638323,0.56951195,0.017268127,0.57169795,-0.39990547,-0.30815947,0.20857173,-0.623942,-0.3937527,0.0583702,0.37671572,0.5709241,-0.30740628,-0.10133581
5,3483,0.4482955,0.0494327,-0.4349647,-0.24828854,0.24142352,-0.27751842,0.011205688,0.23584916,-0.30047834,0.045369856,-0.10127573,0.010144681,0.045612223,-0.215134,0.029714635,-0.07970449
5,3496,-0.14361563,0.010252798,0.3856089,0.5397565,0.045606844,0.5103971,-0.39242756,-0.31369787,0.14389157,-0.6249565,-0.3818387,0.057125803,0.3790233,0.5511778,-0.3205019,-0.07631239
5,3518,-0.16053158,-0.02258821,0.36925817,0.49994048,0.020911833,0.450586,-0.32863075,-0.2948202,0.15974554,-0.56750834,-0.31318155,0.07924831,0.3365425,0.49074215,-0.29100183,-0.05427023
5,3567,-0.13456246,0.018971434,0.38013336,0.53587574,0.051673695,0.5125155,-0.39969018,-0.30968776,0.13641086,-0.62374496,-0.38996065,0.04980297,0.38004896,0.5511532,-0.32041594,-0.079935506
5,3579,-0.64704806,-0.2658071,0.51444316,0.21390527,-0.44489947,0.00485811,0.37743437,-0.083322845,0.60549545,0.0077341422,0.39839587,0.34850556,-0.11747865,-0.089160025,0.06951977,0.083757386
5,3592,0.50095123,0.022833928,-0.42195824,-0.24804662,0.24306852,-0.33523378,0.06714167,0.36264014,-0.3222807,0.035669014,-0.092968345,0.10400003,0.029657312,-0.27625853,0.03220758,-0.09411587
5,3660,-0.15743795,-0.05987899,0.318866,0.42331657,-0.0005506091,0.34776402,-0.24372756,-0.26119465,0.15625226,-0.4707612,-0.2141224,0.091067,0.26580513,0.3942076,-0.24064976,-0.014251512
5,3663,-0.5829275,-0.20413087,0.534609,0.31935406,-0.36017728,0.14884795,0.20947841,-0.14934492,0.5459532,-0.15067135,0.2284875,0.29920647,-0.001182057,0.07580597,-0.020240542,0.043335114
5,3680,0.6253908,0.09825744,-0.6390684,-0.39410856,0.2651625,-0.48947158,0.25838688,0.6575759,-0.36515665,0.16798107,-0.00015342608,0.2301077,-0.0012538731,-0.481951,0.14081706,-0.23895748
5,3810,0.4521087,0.029199235,-0.36215883,-0.2402291,0.21564493,-0.30273,0.075480685,0.35773653,-0.2810488,0.050367683,-0.058789752,0.06296049,-0.015532309,-0.2664417,0.0493043,-0.08227404
5,3843,-0.16340107,-0.03229239,0.36106452,0.48492733,0.014111729,0.42938307,-0.30808234,-0.2876615,0.16231549,-0.5472009,-0.29061028,0.08500612,0.32208067,0.4694332,-0.28089535,-0.04629472
5,3867,0.41244605,0.030647628,-0.3742714,-0.20247915,0.21650317,-0.2647612,0.01129128,0.23401596,-0.2747911,0.01671958,-0.106073126,0.048873913,0.04762456,-0.20403379,0.009671809,-0.06348976
5,3914,0.26545277,0.2985868,-0.62802976,-0.52962834,0.2132234,0.07616447,-0.31735346,-0.5316639,-0.5537024,0.46644756,-0.0027484484,-1.0044518,-0.18561262,0.1937038,0.08502145,0.14599206
5,3920,0.32575622,0.34596556,-0.75354636,-0.6414349,0.25896394,0.10374753,-0.38928825,-0.64950377,-0.65586716,0.5413053,-0.008574303,-1.2010648,-0.17955728,0.22786662,0.10025095,0.13976558
5,3925,-0.5881569,-0.21423508,0.5235424,0.29485536,-0.37201396,0.117420435,0.23981902,-0.13502692,0.55023694,-0.11830267,0.25869164,0.30534247,-0.024805754,0.042098045,-0.002812216,0.052031443
5,3995,-0.14646569,0.009003669,0.39273146,0.5505903,0.046318375,0.5206952,-0.39924422,-0.32029286,0.14652947,-0.6373435,-0.3884611,0.05897448,0.387615,0.563047,-0.32704997,-0.07835672
5,4005,0.19438133,0.32825804,-0.62385553,-0.52417576,0.16769335,0.06007136,-0.24783558,-0.5050048,-0.5632165,0.5794623,0.082883924,-1.0104824,-0.33674392,0.23021847,0.10377124,0.27629536
5,4020,-0.13651487,0.0024883673,0.3630507,0.5079988,0.04168318,0.47355488,-0.36481693,-0.29602268,0.13810083,-0.58847535,-0.35347804,0.058471236,0.35390067,0.5139058,-0.30247644,-0.0667779
5,4075,-0.9494548,-0.50219184,0.5185302,-0.12365148,-0.80482686,-0.44424617,0.98153824,0.12441774,0.881715,0.5750344,1.027104,0.53728735,-0.50108826,-0.65592134,0.4009296,0.20883675
5,4105,0.42318794,0.13102157,-0.15213287,-0.10488015,0.26547787,-0.17069317,-0.11372977,0.42068595,-0.26046976,0.022374503,-0.18013804,-0.018324303,-0.11250215,-0.17994633,0.077163726,-0.032588065
5,4109,-0.9616612,-0.5056794,0.53081363,-0.114713125,-0.81153125,-0.4383431,0.98427504,0.120411135,0.89321816,0.5690582,1.0299371,0.54374045,-0.4988618,-0.6508186,0.39920402,0.2083596
5,4133,-0.9616612,-0.5056794,0.53081363,-0.114713125,-0.81153125,-0.4383431,0.98427504,0.120411135,0.89321816,0.5690582,1.0299371,0.54374045,-0.4988618,-0.6508186,0.39920402,0.2083596
5,4163,-0.12326864,0.067228265,0.41682467,0.5993397,0.083236665,0.61010504,-0.48796037,-0.33725834,0.13079077,-0.7044672,-0.48036072,0.026124462,0.44422916,0.6393242,-0.3617551,-0.113989055
5,4260,-0.29987082,-0.16640829,-0.19426621,-0.713195,-0.40116918,-0.6233163,0.6063157,0.048378196,0.10239998,0.9084612,0.7039272,-0.13517718,-0.6221789,-0.7219187,0.43316042,0.3311596
5,4266,-0.31848136,-0.02450283,0.4717783,0.4830856,-0.099382095,0.42903677,-0.20521124,-0.25552922,0.30731288,-0.46838024,-0.19431897,0.13124868,0.25194567,0.4079567,-0.2146711,-0.052049868
5,4313,-0.843909,-0.47179922,0.4133038,-0.20111486,-0.7478353,-0.498275,0.95920795,0.16096579,0.78271013,0.62709177,1.0065044,0.4825204,-0.5218009,-0.7017136,0.41692314,0.21444803
5,4314,0.386642,0.31159672,-0.79091656,-0.6307879,0.31026888,0.06759143,-0.41524288,-0.6115825,-0.66016656,0.49577484,-0.069153085,-1.0655494,-0.047902983,0.18250549,0.091720074,0.040804654
5,4317,-0.16053158,-0.022588206,0.36925817,0.49994048,0.020911833,0.450586,-0.32863075,-0.2948202,0.15974554,-0.56750834,-0.31318155,0.07924831,0.3365425,0.49074215,-0.29100183,-0.05427023
